"","SCS_STUDENT","AGE","C99_BEST_PROGRAM","ACPG_DESC","SEC_LOCATION","LOC_DESC","AY","AY_HELPER","CITY"
"1",1,16,"CCP","Career and College Prep","HA","Hazelton","2014-2015","2013-2014","Hazelton"
"2",1,16,"CCP","Career and College Prep","HA","Hazelton","2014-2015","2013-2014","Sik-E-Dakh"
"3",1,18,"UC","University Credit Year 1","PR","Prince Rupert","2014-2015","2013-2014","Prince Rupert"
"4",1,19,"PCOOKAP1","Professional Cook Apprentice - Level 1","TE","Terrace","2014-2015","2013-2014","Gitsequkla"
"5",1,19,"PCOOKAP1","Professional Cook Apprentice - Level 1","TE","Terrace","2014-2015","2013-2014","Terrace"
"6",1,18,"NURS","Nursing","TE","Terrace","2014-2015","2013-2014","Terrace"
"7",1,18,"CARPF","Carpenter Foundation","TE","Terrace","2014-2015","2013-2014","Terrace"
"8",1,18,"UC","University Credit Year 1","PR","Prince Rupert","2014-2015","2013-2014","Prince Rupert"
"9",1,17,"CCP","Career and College Prep","PR","Prince Rupert","2014-2015","2013-2014","Prince Rupert"
"10",1,19,"CCP","Career and College Prep","TE","Terrace","2014-2015","2013-2014","Terrace"
"11",1,19,"UC","University Credit Year 1","TE","Terrace","2014-2015","2013-2014","Terrace"
"12",1,19,"UC","University Credit Year 1","TE","Terrace","2014-2015","2013-2014","Terrace"
"13",1,19,"ACE","Applied Coastal Ecology Year 1","PR","Prince Rupert","2014-2015","2013-2014","Prince Rupert"
"14",1,18,"UC","University Credit Year 1","TE","Terrace","2014-2015","2013-2014","Terrace"
"15",1,18,"SSW","Social Service Worker","TE","Terrace","2014-2015","2013-2014","Terrace"
"16",1,18,"UC","University Credit Year 1","TE","Terrace","2014-2015","2013-2014","Terrace"
"17",1,19,"CCP","Career and College Prep","TE","Terrace","2014-2015","2013-2014","Terrace"
"18",1,18,"UC","University Credit Year 1","PR","Prince Rupert","2014-2015","2013-2014","Prince Rupert"
"19",1,17,"UC","University Credit Year 1","PR","Prince Rupert","2014-2015","2013-2014","Prince Rupert"
"20",1,18,"UC","University Credit Year 1","PR","Prince Rupert","2014-2015","2013-2014","Prince Rupert"
"21",1,18,"UC","University Credit Year 1","SM","Smithers","2014-2015","2013-2014","Smithers"
"22",1,18,"ACCOOK1","ACE-IT Professional Cook 1","TE","Terrace","2014-2015","2013-2014","Terrace"
"23",1,18,"ACCOOK1","ACE-IT Professional Cook 1","TE","Terrace","2014-2015","2013-2014","Smithers"
"24",1,17,"CCP","Career and College Prep","HO","Houston","2014-2015","2013-2014",NA
"25",1,18,"ACCOOK1","ACE-IT Professional Cook 1","TE","Terrace","2014-2015","2013-2014","Terrace"
"26",1,18,"UC","University Credit Year 1","PR","Prince Rupert","2014-2015","2013-2014","Prince Rupert"
"27",1,19,"UC","University Credit Year 1","TE","Terrace","2014-2015","2013-2014","Terrace"
"28",1,18,"UC","University Credit Year 1","PR","Prince Rupert","2014-2015","2013-2014","Prince Rupert"
"29",1,19,"CCP","Career and College Prep","PR","Prince Rupert","2014-2015","2013-2014","Prince Rupert"
"30",1,18,"BADM","Business Administration Year 1","PR","Prince Rupert","2014-2015","2013-2014","Prince Rupert"
"31",1,18,"NURS","Nursing","TE","Terrace","2014-2015","2013-2014","Terrace"
"32",1,18,"UC","University Credit Year 1","PR","Prince Rupert","2014-2015","2013-2014","Prince Rupert"
"33",1,18,"UC","University Credit Year 1","PR","Prince Rupert","2014-2015","2013-2014","Prince Rupert"
"34",1,19,"UC","University Credit Year 1","PR","Prince Rupert","2014-2015","2013-2014","Prince Rupert"
"35",1,19,"SSW","Social Service Worker","TE","Terrace","2014-2015","2013-2014","Prince Rupert"
"36",1,19,"UC","University Credit Year 1","PR","Prince Rupert","2014-2015","2013-2014","Prince Rupert"
"37",1,18,"UC","University Credit Year 1","TE","Terrace","2014-2015","2013-2014","Terrace"
"38",1,19,"UC","University Credit Year 1","PR","Prince Rupert","2014-2015","2013-2014","Prince Rupert"
"39",1,16,"CCP","Career and College Prep","HA","Hazelton","2014-2015","2013-2014","Hazelton"
"40",1,17,"CE","Continuing Education","TE","Terrace","2014-2015","2013-2014","Terrace"
"41",1,18,"CCP","Career and College Prep","SM","Smithers","2014-2015","2013-2014","Telkwa"
"42",1,16,"CCP","Career and College Prep","HA","Hazelton","2014-2015","2013-2014","Hazelton"
"43",1,18,"CARPF","Carpenter Foundation","TE","Terrace","2014-2015","2013-2014","Terrace"
"44",1,18,"CARPF","Carpenter Foundation","TE","Terrace","2014-2015","2013-2014","Terrace"
"45",1,18,"UC","University Credit Year 1","MO","Moricetown","2014-2015","2013-2014","Morricetown"
"46",1,19,"CCP","Career and College Prep","MO","Moricetown","2014-2015","2013-2014","Smithers"
"47",1,18,"CCP","Career and College Prep","MO","Moricetown","2014-2015","2013-2014","Smithers"
"48",1,18,"CCP","Career and College Prep","TE","Terrace","2014-2015","2013-2014","Terrace"
"49",1,18,"NURS","Nursing","TE","Terrace","2014-2015","2013-2014","Terrace"
"50",1,18,"HEOT","Heavy Equipment Operator Technician","TE","Terrace","2014-2015","2013-2014","Terrace"
"51",1,18,"UC","University Credit Year 1","PR","Prince Rupert","2014-2015","2013-2014","Prince Rupert"
"52",1,19,"NURS","Nursing","TE","Terrace","2014-2015","2013-2014","Prince Rupert"
"53",1,18,"UC","University Credit Year 1","TE","Terrace","2014-2015","2013-2014","Kitwanga"
"54",1,17,"CCP","Career and College Prep","HO","Houston","2014-2015","2013-2014","Houston"
"55",1,18,"UC","University Credit Year 1","TE","Terrace","2014-2015","2013-2014","Terrace"
"56",1,18,"UC","University Credit Year 1","TE","Terrace","2014-2015","2013-2014","Kitimat"
"57",1,18,"UC","University Credit Year 1","TE","Terrace","2014-2015","2013-2014","Terrace"
"58",1,18,"ECEB","Early Childhood Education - Basic Level","TE","Terrace","2014-2015","2013-2014","Terrace"
"59",1,18,"UC","University Credit Year 1","TE","Terrace","2014-2015","2013-2014","Terrace"
"60",1,18,"UC","University Credit Year 1","TE","Terrace","2014-2015","2013-2014","Terrace"
"61",1,19,"CCP","Career and College Prep","TE","Terrace","2014-2015","2013-2014","Terrace"
"62",1,18,"UC","University Credit Year 1","TE","Terrace","2014-2015","2013-2014","Terrace"
"63",1,18,"UC","University Credit Year 1","TE","Terrace","2014-2015","2013-2014","Terrace"
"64",1,18,"UC","University Credit Year 1","TE","Terrace","2014-2015","2013-2014","Terrace"
"65",1,18,"CCP","Career and College Prep","HO","Houston","2014-2015","2013-2014","Houston"
"66",1,17,"CCP","Career and College Prep","HO","Houston","2014-2015","2013-2014","Houston"
"67",1,19,"UC","University Credit Year 1","SM","Smithers","2014-2015","2013-2014","Smithers"
"68",1,18,"CCP","Career and College Prep","HO","Houston","2014-2015","2013-2014","Houston"
"69",1,17,"CCP","Career and College Prep","HO","Houston","2014-2015","2013-2014","Topley"
"70",1,18,"CCP","Career and College Prep","HO","Houston","2014-2015","2013-2014","Topley"
"71",1,18,"ABT","Applied Business Technology","SM","Smithers","2014-2015","2013-2014","Prince Rupert"
"72",1,18,"CCP","Career and College Prep","HO","Houston","2014-2015","2013-2014","Houston"
"73",1,19,"CE","Continuing Education","SM","Smithers","2014-2015","2013-2014","Smithers"
"74",1,18,"UC","University Credit Year 1","TE","Terrace","2014-2015","2013-2014","Terrace"
"75",1,18,"UC","University Credit Year 1","TE","Terrace","2014-2015","2013-2014","Terrace"
"76",1,19,"UC","University Credit Year 1","TE","Terrace","2014-2015","2013-2014","Terrace"
"77",1,16,"CCP","Career and College Prep","HO","Houston","2014-2015","2013-2014","Houston"
"78",1,16,"CCP","Career and College Prep","HO","Houston","2014-2015","2013-2014","Houston"
"79",1,17,"CCP","Career and College Prep","HA","Hazelton","2014-2015","2013-2014","Hazelton"
"80",1,17,"CCP","Career and College Prep","HO","Houston","2014-2015","2013-2014","Houston"
"81",1,18,"CCP","Career and College Prep","PR","Prince Rupert","2014-2015","2013-2014","Port Edward"
"82",1,18,"UC","University Credit Year 1","PR","Prince Rupert","2014-2015","2013-2014","Prince Rupert"
"83",1,18,"UC","University Credit Year 1","TE","Terrace","2014-2015","2013-2014","New Aiyansh"
"84",1,19,"SSW2","Social Service Worker","TE","Terrace","2014-2015","2013-2014","Terrace"
"85",1,19,"UC","University Credit Year 1","PR","Prince Rupert","2014-2015","2013-2014","Gitsegukla"
"86",1,19,"UC","University Credit Year 1","PR","Prince Rupert","2014-2015","2013-2014","Prince Rupert"
"87",1,18,"UC","University Credit Year 1","PR","Prince Rupert","2014-2015","2013-2014","Prince Rupert"
"88",1,18,"UC","University Credit Year 1","PR","Prince Rupert","2014-2015","2013-2014","Prince Rupert"
"89",1,17,"UC","University Credit Year 1","PR","Prince Rupert","2014-2015","2013-2014","Prince Rupert"
"90",1,17,"CCP","Career and College Prep","PR","Prince Rupert","2014-2015","2013-2014","Prince Rupert"
"91",1,18,"UC","University Credit Year 1","SM","Smithers","2014-2015","2013-2014","Smithers"
"92",1,18,"UC","University Credit Year 1","TE","Terrace","2014-2015","2013-2014","Terrace"
"93",1,18,"UC","University Credit Year 1","TE","Terrace","2014-2015","2013-2014","Terrace"
"94",1,18,"UC","University Credit Year 1","TE","Terrace","2014-2015","2013-2014","Kitimat"
"95",1,18,"UC","University Credit Year 1","TE","Terrace","2014-2015","2013-2014","Kitimat"
"96",1,18,"UC","University Credit Year 1","TE","Terrace","2014-2015","2013-2014","Terrace"
"97",1,17,"CCP","Career and College Prep","HO","Houston","2014-2015","2013-2014","Topley"
"98",1,16,"CE","Continuing Education","HO","Houston","2014-2015","2013-2014","Topley"
"99",1,17,"CCP","Career and College Prep","HO","Houston","2014-2015","2013-2014","Houston"
"100",1,16,"CCP","Career and College Prep","HO","Houston","2014-2015","2013-2014","Houston"
"101",1,19,"CCP","Career and College Prep","HO","Houston","2014-2015","2013-2014","Houston"
"102",1,17,"CCP","Career and College Prep","HO","Houston","2014-2015","2013-2014","Granisle"
"103",1,17,"ACCARPF","ACE-IT Carpentry Foundation","TE","Terrace","2014-2015","2013-2014","Terrace"
"104",1,16,"ACCARPF","ACE-IT Carpentry Foundation","TE","Terrace","2014-2015","2013-2014","Kitimat"
"105",1,19,"NURS","Nursing","TE","Terrace","2014-2015","2013-2014","Terrace"
"106",1,17,"CCP","Career and College Prep","HO","Houston","2014-2015","2013-2014","Houston"
"107",1,17,"CCP","Career and College Prep","HO","Houston","2014-2015","2013-2014","Houston"
"108",1,18,"CE","Continuing Education","MA","Masset","2014-2015","2013-2014","Masset"
"109",1,19,"CE","Continuing Education","KI","Kitimat","2014-2015","2013-2014","Prince George"
"110",1,18,"CE","Continuing Education","HO","Houston","2014-2015","2013-2014","Houston"
"111",1,19,"UC","University Credit Year 1","PR","Prince Rupert","2014-2015","2013-2014","Prince Rupert"
"112",1,18,"UC","University Credit Year 1","TE","Terrace","2014-2015","2013-2014","Terrace"
"113",1,17,"ACMILLF","ACE-IT Millwright Foundation","HO","Houston","2014-2015","2013-2014","Houston"
"114",1,16,"ACMILLF","ACE-IT Millwright Foundation","HO","Houston","2014-2015","2013-2014","Houston"
"115",1,19,"UC","University Credit Year 1","TE","Terrace","2014-2015","2013-2014","Terrace"
"116",1,18,"UC","University Credit Year 1","TE","Terrace","2014-2015","2013-2014","Terrace"
"117",1,19,"CE","Continuing Education","MA","Masset","2014-2015","2013-2014",NA
"118",1,17,"CE","Continuing Education","MA","Masset","2014-2015","2013-2014",NA
"119",1,17,"ACCARPF","ACE-IT Carpentry Foundation","TE","Terrace","2014-2015","2013-2014","Terrace"
"120",1,16,"CCP","Career and College Prep","HO","Houston","2014-2015","2013-2014","Houston"
"121",1,19,"MILLF","Millwright Foundation","HO","Houston","2014-2015","2013-2014","Houston"
"122",1,16,"ACMILLF","ACE-IT Millwright Foundation","HO","Houston","2014-2015","2013-2014","Houston"
"123",1,16,"CCP","Career and College Prep","HO","Houston","2014-2015","2013-2014","Houston"
"124",1,19,"CCP","Career and College Prep","SM","Smithers","2014-2015","2013-2014","Smithers"
"125",1,18,"UC","University Credit Year 1","TE","Terrace","2014-2015","2013-2014","Terrace"
"126",1,17,"CCP","Career and College Prep","HA","Hazelton","2014-2015","2013-2014","Gitsequkla"
"127",1,18,"ABT","Applied Business Technology","SM","Smithers","2014-2015","2013-2014","Terrace"
"128",1,16,"CCP","Career and College Prep","HO","Houston","2014-2015","2013-2014","Houston"
"129",1,17,"CCP","Career and College Prep","SM","Smithers","2014-2015","2013-2014","Telkwa"
"130",1,18,"HEOF",NA,"TE","Terrace","2014-2015","2013-2014","Kitimat"
"131",1,17,"CCP","Career and College Prep","SM","Smithers","2014-2015","2013-2014","Smithers"
"132",1,19,"CCP","Career and College Prep","SM","Smithers","2014-2015","2013-2014","Smithers"
"133",1,18,"HEOT","Heavy Equipment Operator Technician","TE","Terrace","2014-2015","2013-2014","Kitimat"
"134",1,18,"CCP","Career and College Prep","TE","Terrace","2014-2015","2013-2014","Terrace"
"135",1,19,"WELDF","Welder Foundation","TE","Terrace","2014-2015","2013-2014","Terrace"
"136",1,18,"WELDF","Welder Foundation","TE","Terrace","2014-2015","2013-2014","Kispiox"
"137",1,19,"HEOF",NA,"TE","Terrace","2014-2015","2013-2014","Terrace"
"138",1,19,"MPO","Mineral Processing Operator","HO","Houston","2014-2015","2013-2014","Smithers"
"139",1,17,"CCP","Career and College Prep","HO","Houston","2014-2015","2013-2014","Houston"
"140",1,17,"ACMILLF","ACE-IT Millwright Foundation","HO","Houston","2014-2015","2013-2014","Houston"
"141",1,18,"WELDF","Welder Foundation","TE","Terrace","2014-2015","2013-2014","Kitimat"
"142",1,19,"CCP","Career and College Prep","TE","Terrace","2014-2015","2013-2014","Terrace"
"143",1,19,"CCP","Career and College Prep","TE","Terrace","2014-2015","2013-2014","Terrace"
"144",1,19,"ASE","Adult Special Education","TE","Terrace","2014-2015","2013-2014","Terrace"
"145",1,19,"CCP","Career and College Prep","TE","Terrace","2014-2015","2013-2014","Terrace"
"146",1,19,"CCP","Career and College Prep","TE","Terrace","2014-2015","2013-2014","Terrace"
"147",1,18,"CCP","Career and College Prep","TE","Terrace","2014-2015","2013-2014","Terrace"
"148",1,18,"CCP","Career and College Prep","TE","Terrace","2014-2015","2013-2014","Terrace"
"149",1,18,"CCP","Career and College Prep","TE","Terrace","2014-2015","2013-2014","Terrace"
"150",1,19,"WELDB","Welding B Module","TE","Terrace","2014-2015","2013-2014","Terrace"
"151",1,18,"CCP","Career and College Prep","HO","Houston","2014-2015","2013-2014","Houston"
"152",1,19,"UC","University Credit Year 1","TE","Terrace","2014-2015","2013-2014","Terrace"
"153",1,19,"WELDF","Welder Foundation","PR","Prince Rupert","2014-2015","2013-2014","Prince Rupert"
"154",1,19,"WELDC","Welding C Module","TE","Terrace","2014-2015","2013-2014","Telkwa"
"155",1,19,"WELDC","Welding C Module","TE","Terrace","2014-2015","2013-2014","Terrace"
"156",1,18,"WELDC","Welding C Module","TE","Terrace","2014-2015","2013-2014","Kitimat"
"157",1,19,"UC","University Credit Year 1","TE","Terrace","2014-2015","2013-2014","Terrace"
"158",1,18,"WELDF","Welder Foundation","PR","Prince Rupert","2014-2015","2013-2014","Prince Rupert"
"159",1,18,"WELDF","Welder Foundation","PR","Prince Rupert","2014-2015","2013-2014","Prince Rupert"
"160",1,19,"CE","Continuing Education","HO","Houston","2014-2015","2013-2014","Smithers"
"161",1,19,"ABT","Applied Business Technology","SM","Smithers","2014-2015","2013-2014","Smithers"
"162",1,19,"WELDC","Welding C Module","TE","Terrace","2014-2015","2013-2014","Telkwa"
"163",1,17,"CE","Continuing Education","PR","Prince Rupert","2014-2015","2013-2014","Prince Rupert"
"164",1,19,"WELDF","Welder Foundation","PR","Prince Rupert","2014-2015","2013-2014","Queen Chrltte"
"165",1,16,"CCP","Career and College Prep","SM","Smithers","2014-2015","2013-2014","Smithers"
"166",1,19,"CCP","Career and College Prep","TE","Terrace","2014-2015","2013-2014","Terrace"
"167",1,18,"UC","University Credit Year 1","TE","Terrace","2014-2015","2013-2014","New Aiyansh"
"168",1,19,"WELDC","Welding C Module","TE","Terrace","2014-2015","2013-2014","Kitimat"
"169",1,19,"UC","University Credit Year 1","TE","Terrace","2014-2015","2013-2014","Prince Rupert"
"170",1,18,"CCP","Career and College Prep","HO","Houston","2014-2015","2013-2014","Houston"
"171",1,19,"CCP","Career and College Prep","TE","Terrace","2014-2015","2013-2014","Kitimat"
"172",1,18,"UC2","University Credit Year 2","TE","Terrace","2014-2015","2013-2014","Terrace"
"173",1,18,"HEOT","Heavy Equipment Operator Technician","TE","Terrace","2014-2015","2013-2014","Prince Rupert"
"174",1,18,"UC","University Credit Year 1","TE","Terrace","2014-2015","2013-2014","Telkwa"
"175",1,19,"NURS","Nursing","TE","Terrace","2014-2015","2013-2014","Prince Rupert"
"176",1,18,"UC","University Credit Year 1","TE","Terrace","2014-2015","2013-2014","Terrace"
"177",1,19,"CE","Continuing Education","TE","Terrace","2014-2015","2013-2014","Prince Rupert"
"178",1,18,"CCP","Career and College Prep","PR","Prince Rupert","2014-2015","2013-2014","Prince Rupert"
"179",1,19,"CCP","Career and College Prep","PR","Prince Rupert","2014-2015","2013-2014","Prince Rupert"
"180",1,18,"CCP","Career and College Prep","TE","Terrace","2014-2015","2013-2014","Terrace"
"181",1,16,"CE","Continuing Education","MA","Masset","2014-2015","2013-2014","Masset"
"182",1,17,"CE","Continuing Education","MA","Masset","2014-2015","2013-2014","Masset"
"183",1,17,"CE","Continuing Education","MA","Masset","2014-2015","2013-2014","Masset"
"184",1,16,"CE","Continuing Education","MA","Masset","2014-2015","2013-2014","Masset"
"185",1,17,"CE","Continuing Education","MA","Masset","2014-2015","2013-2014","Masset"
"186",1,16,"CE","Continuing Education","MA","Masset","2014-2015","2013-2014","Masset"
"187",1,16,"CE","Continuing Education","SM","Smithers","2014-2015","2013-2014","Smithers"
"188",1,19,"CE","Continuing Education","KI","Kitimat","2014-2015","2013-2014","Kitimat"
"189",1,17,"CCP","Career and College Prep","HO","Houston","2014-2015","2013-2014","Houston"
"190",1,17,"CCP","Career and College Prep","HO","Houston","2014-2015","2013-2014","Houston"
"191",1,16,"CE","Continuing Education","MA","Masset","2014-2015","2013-2014","Masset"
"192",1,16,"CE","Continuing Education","MA","Masset","2014-2015","2013-2014","Masset"
"193",1,19,"UC","University Credit Year 1","TE","Terrace","2014-2015","2013-2014","Terrace"
"194",1,19,"CCP","Career and College Prep","TE","Terrace","2014-2015","2013-2014","Kitimat"
"195",1,18,"CE","Continuing Education","PR","Prince Rupert","2014-2015","2013-2014","Port Edward"
"196",1,18,"WELDF","Welder Foundation","TE","Terrace","2014-2015","2013-2014","Kitimat"
"197",1,19,"CCP","Career and College Prep","TE","Terrace","2014-2015","2013-2014","Iskut"
"198",1,18,"CE","Continuing Education","PR","Prince Rupert","2014-2015","2013-2014","Prince Rupert"
"199",1,18,"CARPF","Carpenter Foundation","TE","Terrace","2014-2015","2013-2014","Terrace"
"200",1,19,"CE","Continuing Education","TE","Terrace","2014-2015","2013-2014","Terrace"
"201",1,19,"CARPF","Carpenter Foundation","TE","Terrace","2014-2015","2013-2014","Terrace"
"202",1,19,"CE","Continuing Education","TE","Terrace","2014-2015","2013-2014","Terrace"
"203",1,19,"CCP","Career and College Prep","HA","Hazelton","2014-2015","2013-2014","Hazelton"
"204",1,18,"CCP","Career and College Prep","HO","Houston","2014-2015","2013-2014","Houston"
"205",1,19,"CCP","Career and College Prep","HO","Houston","2014-2015","2013-2014","Houston"
"206",1,18,"CE","Continuing Education","HA","Hazelton","2014-2015","2013-2014","New Hazelton"
"207",1,19,"CARPF","Carpenter Foundation","TE","Terrace","2014-2015","2013-2014","Terrace"
"208",1,19,"CE","Continuing Education","KI","Kitimat","2014-2015","2013-2014","Kitimat"
"209",1,19,"ELTRF","Electrical Foundation","HO","Houston","2014-2015","2013-2014","Telkwa"
"210",1,19,"BADM","Business Administration Year 1","PR","Prince Rupert","2014-2015","2013-2014","Prince Rupert"
"211",1,18,"BADM","Business Administration Year 1","TE","Terrace","2014-2015","2013-2014","Terrace"
"212",1,19,"CCP","Career and College Prep","PR","Prince Rupert","2014-2015","2013-2014","Prince Rupert"
"213",1,16,"CE","Continuing Education","SM","Smithers","2014-2015","2013-2014","Smithers"
"214",1,17,"CCP","Career and College Prep","HO","Houston","2014-2015","2013-2014","Houston"
"215",1,19,"CE","Continuing Education","HA","Hazelton","2014-2015","2013-2014","Sik-E-Dakh"
"216",1,16,"CCP","Career and College Prep","HO","Houston","2014-2015","2013-2014","Houston"
"217",1,16,"CE","Continuing Education","SM","Smithers","2014-2015","2013-2014",NA
"218",1,17,"CE","Continuing Education","SM","Smithers","2014-2015","2013-2014","Houston"
"219",1,16,"CE","Continuing Education","SM","Smithers","2014-2015","2013-2014","Smithers"
"220",1,19,"UC","University Credit Year 1","TE","Terrace","2014-2015","2013-2014","Terrace"
"221",1,17,"CE","Continuing Education","KK","Kitsumkalum","2014-2015","2013-2014","Terrace"
"222",1,19,"ICT","Information and Communications Technology","TE","Terrace","2014-2015","2013-2014","Terrace"
"223",1,18,"CCP","Career and College Prep","TE","Terrace","2014-2015","2013-2014","Terrace"
"224",1,19,"AUTOF","Auto Service Technician Foundation","TE","Terrace","2014-2015","2013-2014","Masset"
"225",1,18,"BADM","Business Administration Year 1","TE","Terrace","2014-2015","2013-2014","Terrace"
"226",1,19,"BADM","Business Administration Year 1","TE","Terrace","2014-2015","2013-2014","Terrace"
"227",1,18,"CE","Continuing Education","KI","Kitimat","2014-2015","2013-2014","Smithers"
"228",1,19,"UC","University Credit Year 1","TE","Terrace","2014-2015","2013-2014","Terrace"
"229",1,18,"AUTOF","Auto Service Technician Foundation","TE","Terrace","2014-2015","2013-2014","Kitkatla"
"230",1,19,"CCP","Career and College Prep","SM","Smithers","2014-2015","2013-2014","Smithers"
"231",1,17,"ACCARPF","ACE-IT Carpentry Foundation","TE","Terrace","2014-2015","2013-2014","Prince Rupert"
"232",1,19,"UC","University Credit Year 1","TE","Terrace","2014-2015","2013-2014","Terrace"
"233",1,17,"ACCARPF","ACE-IT Carpentry Foundation","TE","Terrace","2014-2015","2013-2014","Terrace"
"234",1,19,"UC","University Credit Year 1","TE","Terrace","2014-2015","2013-2014","Terrace"
"235",1,17,"ACCARPF","ACE-IT Carpentry Foundation","TE","Terrace","2014-2015","2013-2014","Terrace"
"236",1,19,"UC","University Credit Year 1","TE","Terrace","2014-2015","2013-2014","Terrace"
"237",1,18,"CCP","Career and College Prep","TE","Terrace","2014-2015","2013-2014","Terrace"
"238",1,16,"CE","Continuing Education","SM","Smithers","2014-2015","2013-2014","Smithers"
"239",1,18,"CE","Continuing Education","HO","Houston","2014-2015","2013-2014","Smithers"
"240",1,18,"UC","University Credit Year 1","TE","Terrace","2014-2015","2013-2014","Terrace"
"241",1,17,"ACMILLF","ACE-IT Millwright Foundation","KI","Kitimat","2014-2015","2013-2014","Kitimat"
"242",1,18,"ACMILLF","ACE-IT Millwright Foundation","KI","Kitimat","2014-2015","2013-2014","Kitimat"
"243",1,17,"ACMILLF","ACE-IT Millwright Foundation","KI","Kitimat","2014-2015","2013-2014","Kitimat"
"244",1,16,"ACMILLF","ACE-IT Millwright Foundation","KI","Kitimat","2014-2015","2013-2014","Kitimat"
"245",1,16,"ACMILLF","ACE-IT Millwright Foundation","KI","Kitimat","2014-2015","2013-2014","Kitimat"
"246",1,16,"ACMILLF","ACE-IT Millwright Foundation","KI","Kitimat","2014-2015","2013-2014","Kitimat"
"247",1,17,"ACMILLF","ACE-IT Millwright Foundation","KI","Kitimat","2014-2015","2013-2014","Kitimat"
"248",1,19,"CCP","Career and College Prep","PR","Prince Rupert","2014-2015","2013-2014","Prince Rupert"
"249",1,18,"BADM","Business Administration Year 1","PR","Prince Rupert","2014-2015","2013-2014","Prince Rupert"
"250",1,19,"CE","Continuing Education","HO","Houston","2014-2015","2013-2014","Houston"
"251",1,19,"CE","Continuing Education","HO","Houston","2014-2015","2013-2014","Houston"
"252",1,16,"CE","Continuing Education","SM","Smithers","2014-2015","2013-2014","Smithers"
"253",1,17,"CCP","Career and College Prep","HO","Houston","2014-2015","2013-2014","Houston"
"254",1,19,"CE","Continuing Education","SM","Smithers","2014-2015","2013-2014","Smithers"
"255",1,18,"CCP","Career and College Prep","PR","Prince Rupert","2014-2015","2013-2014","Prince Rupert"
"256",1,19,"CCP","Career and College Prep","TE","Terrace","2014-2015","2013-2014","Terrace"
"257",1,16,"CE","Continuing Education","HO","Houston","2014-2015","2013-2014","Telkwa"
"258",1,18,"AUTOF","Auto Service Technician Foundation","TE","Terrace","2014-2015","2013-2014","Terrace"
"259",1,19,"CE","Continuing Education","TE","Terrace","2014-2015","2013-2014","Terrace"
"260",1,18,"UC","University Credit Year 1","TE","Terrace","2014-2015","2013-2014","Terrace"
"261",1,17,"ACELTRF","ACE-IT Electrical Foundation","PR","Prince Rupert","2014-2015","2013-2014","Prince Rupert"
"262",1,18,"CCP","Career and College Prep","PR","Prince Rupert","2014-2015","2013-2014","Prince Rupert"
"263",1,18,"PCOOKAP1","Professional Cook Apprentice - Level 1","TE","Terrace","2014-2015","2013-2014","Terrace"
"264",1,18,"ASE","Adult Special Education","TE","Terrace","2014-2015","2013-2014","Terrace"
"265",1,18,"CE","Continuing Education","TE","Terrace","2014-2015","2013-2014","Terrace"
"266",1,19,"CE","Continuing Education","SM","Smithers","2014-2015","2013-2014","Smithers"
"267",1,19,"CCP","Career and College Prep","PR","Prince Rupert","2014-2015","2013-2014","Prince Rupert"
"268",1,17,"WELDUP","Welding Upgrade","PR","Prince Rupert","2014-2015","2013-2014","Prince Rupert"
"269",1,17,"CE","Continuing Education","TE","Terrace","2014-2015","2013-2014","Terrace"
"270",1,16,"CE","Continuing Education","TE","Terrace","2014-2015","2013-2014","Terrace"
"271",1,18,"CE","Continuing Education","TE","Terrace","2014-2015","2013-2014","Kitwanga"
"272",1,19,"CE","Continuing Education","HO","Houston","2014-2015","2013-2014","Houston"
"273",1,19,"PCOOKAP1","Professional Cook Apprentice - Level 1","HO","Houston","2014-2015","2013-2014",NA
"274",1,19,"CCP","Career and College Prep","TE","Terrace","2014-2015","2013-2014","Kincolith"
"275",1,18,"CE","Continuing Education","QC","Queen Charlotte City","2014-2015","2013-2014","Queen Charlotte City"
"276",1,17,"CE","Continuing Education","HA","Hazelton","2014-2015","2013-2014","New Hazelton"
"277",1,19,"ELTRF","Electrical Foundation","TE","Terrace","2014-2015","2013-2014","Kitimat"
"278",1,17,"CE","Continuing Education","SM","Smithers","2014-2015","2013-2014","Smithers"
"279",1,19,"CE","Continuing Education","TE","Terrace","2014-2015","2013-2014","Terrace"
"280",1,19,"CE","Continuing Education","OFSM","Off-Campus Smithers","2014-2015","2013-2014","Kuggaaruk"
"281",1,19,"CCP","Career and College Prep","PR","Prince Rupert","2014-2015","2013-2014","Port Edward"
"282",1,18,"CE","Continuing Education","TE","Terrace","2014-2015","2013-2014","Kitwanga"
"283",1,18,"CE","Continuing Education","GY","Gitanyow (Kitwancool)","2014-2015","2013-2014","Kitwanga"
"284",1,17,"CE","Continuing Education","TE","Terrace","2014-2015","2013-2014","Terrace"
"285",1,17,"CE","Continuing Education","TE","Terrace","2014-2015","2013-2014","Terrace"
"286",1,17,"CE","Continuing Education","PR","Prince Rupert","2014-2015","2013-2014","Prince Rupert"
"287",1,18,"CE","Continuing Education","SM","Smithers","2014-2015","2013-2014","Kamloops"
"288",1,18,"ELTRF","Electrical Foundation","HO","Houston","2014-2015","2013-2014","Houston"
"289",1,18,"ELTRF","Electrical Foundation","HO","Houston","2014-2015","2013-2014","Kitimat"
"290",1,18,"CE","Continuing Education","SM","Smithers","2014-2015","2013-2014","Kamloops"
"291",1,19,"PCOOKAP1","Professional Cook Apprentice - Level 1","TE","Terrace","2014-2015","2013-2014","Terrace"
"292",1,19,"CE","Continuing Education","HO","Houston","2014-2015","2013-2014","Smithers"
"293",1,17,"HEOF",NA,"SM","Smithers","2014-2015","2013-2014","Smithers"
"294",1,17,"CE","Continuing Education","SM","Smithers","2014-2015","2013-2014",NA
"295",1,17,"CE","Continuing Education","SM","Smithers","2014-2015","2013-2014",NA
"296",1,16,"CE","Continuing Education","SM","Smithers","2014-2015","2013-2014",NA
"297",1,17,"CE","Continuing Education","SM","Smithers","2014-2015","2013-2014",NA
"298",1,19,"CE","Continuing Education","SM","Smithers","2014-2015","2013-2014","Kitwanga"
"299",1,16,"CE","Continuing Education","SM","Smithers","2014-2015","2013-2014","Telkwa"
"300",1,17,"CE","Continuing Education","SM","Smithers","2014-2015","2013-2014",NA
"301",1,16,"CE","Continuing Education","SM","Smithers","2014-2015","2013-2014",NA
"302",1,16,"CE","Continuing Education","SM","Smithers","2014-2015","2013-2014",NA
"303",1,16,"CCP","Career and College Prep","TE","Terrace","2014-2015","2013-2014","Terrace"
"304",1,16,"ACELTRF","ACE-IT Electrical Foundation","HO","Houston","2014-2015","2013-2014","Houston"
"305",1,18,"ELTRF","Electrical Foundation","HO","Houston","2014-2015","2013-2014","Houston"
"306",1,19,"CCP","Career and College Prep","HO","Houston","2014-2015","2013-2014","Houston"
"307",1,18,"UC","University Credit Year 1","TE","Terrace","2014-2015","2013-2014","Terrace"
"308",1,18,"CE","Continuing Education","SM","Smithers","2014-2015","2013-2014","Terrace"
"309",1,18,"CE","Continuing Education","SM","Smithers","2014-2015","2013-2014","Smithers"
"310",1,19,"UC","University Credit Year 1","TE","Terrace","2014-2015","2013-2014","Terrace"
"311",1,17,"CE","Continuing Education",NA,"New Aiyansh (Gitlakdamix)","2014-2015","2013-2014","New Aiyansh"
"312",1,16,"CE","Continuing Education",NA,"New Aiyansh (Gitlakdamix)","2014-2015","2013-2014","Aiyansh"
"313",1,17,"CE","Continuing Education",NA,"New Aiyansh (Gitlakdamix)","2014-2015","2013-2014","New Aiyansh"
"314",1,16,"CE","Continuing Education",NA,"New Aiyansh (Gitlakdamix)","2014-2015","2013-2014","New Aiyansh"
"315",1,16,"CE","Continuing Education",NA,"New Aiyansh (Gitlakdamix)","2014-2015","2013-2014","New Aiyansh"
"316",1,18,"CE","Continuing Education","GR","Greenville (Laxgalts'ap)","2014-2015","2013-2014","Greenville"
"317",1,17,"CE","Continuing Education",NA,"New Aiyansh (Gitlakdamix)","2014-2015","2013-2014","New Aiyansh"
"318",1,17,"CE","Continuing Education",NA,"New Aiyansh (Gitlakdamix)","2014-2015","2013-2014","New Aiyansh"
"319",1,18,"CE","Continuing Education","SM","Smithers","2014-2015","2013-2014","Smithers"
"320",1,17,"CE","Continuing Education","GR","Greenville (Laxgalts'ap)","2014-2015","2013-2014","Greenville"
"321",1,18,"UC","University Credit Year 1","PR","Prince Rupert","2014-2015","2013-2014","Prince Rupert"
"322",1,19,"PCOOKAP1","Professional Cook Apprentice - Level 1","TE","Terrace","2014-2015","2013-2014","Terrace"
"323",1,16,"ACMILLF","ACE-IT Millwright Foundation","KI","Kitimat","2014-2015","2013-2014","Kitimat"
"324",1,17,"ACMILLF","ACE-IT Millwright Foundation","KI","Kitimat","2014-2015","2013-2014","Kitimat"
"325",1,19,"NURS","Nursing","TE","Terrace","2014-2015","2013-2014","Prince Rupert"
"326",1,17,"ACWELDF","ACEIT Welder Foundation","TE","Terrace","2014-2015","2013-2014","Telkwa"
"327",1,17,"HEOF",NA,"TE","Terrace","2014-2015","2013-2014","Smithers"
"328",1,18,"CE","Continuing Education","SM","Smithers","2014-2015","2013-2014","Houston"
"329",1,18,"HEOF",NA,"TE","Terrace","2014-2015","2013-2014","New Hazelton"
"330",1,19,"CE","Continuing Education","TE","Terrace","2014-2015","2013-2014","Terrace"
"331",1,18,"HMF","Heavy Mechanical Foundation","TE","Terrace","2014-2015","2013-2014","Smithers"
"332",1,18,"CCP","Career and College Prep","PR","Prince Rupert","2014-2015","2013-2014","Port Edward"
"333",1,18,"ELTRF","Electrical Foundation","TE","Terrace","2014-2015","2013-2014","Terrace"
"334",1,18,"ACE","Applied Coastal Ecology Year 1","PR","Prince Rupert","2014-2015","2013-2014","Terrace"
"335",1,19,"CE","Continuing Education","TE","Terrace","2014-2015","2013-2014","Terrace"
"336",1,18,"ELTRF","Electrical Foundation","TE","Terrace","2014-2015","2013-2014","Kitimat"
"337",1,18,"HMF","Heavy Mechanical Foundation","TE","Terrace","2014-2015","2013-2014","Smithers"
"338",1,17,"CE","Continuing Education","SM","Smithers","2014-2015","2013-2014","Telkwa"
"339",1,19,"CE","Continuing Education","SM","Smithers","2014-2015","2013-2014","Telkwa"
"340",1,18,"CCP","Career and College Prep","SM","Smithers","2014-2015","2013-2014","Terrace"
"341",1,19,"HEOF",NA,"HO","Houston","2014-2015","2013-2014","Houston"
"342",1,16,"HEOF",NA,"HO","Houston","2014-2015","2013-2014","Topley"
"343",1,17,"ACAUTOF","Auto Service Technician Foundation","TE","Terrace","2014-2015","2013-2014","Terrace"
"344",1,16,"ACAUTOF","Auto Service Technician Foundation","TE","Terrace","2014-2015","2013-2014","Leduc"
"345",1,16,"CE","Continuing Education","SM","Smithers","2014-2015","2013-2014","Smithers"
"346",1,19,"CE","Continuing Education","GR","Greenville (Laxgalts'ap)","2014-2015","2013-2014","Greenville"
"347",1,17,"CE","Continuing Education","SM","Smithers","2014-2015","2013-2014","Smithers"
"348",1,16,"CE","Continuing Education","SM","Smithers","2014-2015","2013-2014",NA
"349",1,19,"CE","Continuing Education","TE","Terrace","2014-2015","2013-2014","Terrace"
"350",1,18,"CE","Continuing Education","SM","Smithers","2014-2015","2013-2014",NA
"351",1,17,"CE","Continuing Education","SM","Smithers","2014-2015","2013-2014","Smithers"
"352",1,17,"CE","Continuing Education","SM","Smithers","2014-2015","2013-2014",NA
"353",1,17,"CE","Continuing Education","SM","Smithers","2014-2015","2013-2014",NA
"354",1,16,"CE","Continuing Education","SM","Smithers","2014-2015","2013-2014",NA
"355",1,16,"CE","Continuing Education","SM","Smithers","2014-2015","2013-2014","Telkwa"
"356",1,16,"CE","Continuing Education","SM","Smithers","2014-2015","2013-2014",NA
"357",1,16,"CE","Continuing Education","SM","Smithers","2014-2015","2013-2014","Smithers"
"358",1,16,"CE","Continuing Education","SM","Smithers","2014-2015","2013-2014",NA
"359",1,16,"CE","Continuing Education","SM","Smithers","2014-2015","2013-2014",NA
"360",1,16,"CE","Continuing Education","SM","Smithers","2014-2015","2013-2014",NA
"361",1,19,"CE","Continuing Education","SM","Smithers","2014-2015","2013-2014","Burns Lake"
"362",1,19,"CE","Continuing Education","MA","Masset","2014-2015","2013-2014",NA
"363",1,19,"CE","Continuing Education","HA","Hazelton","2014-2015","2013-2014","Terrace"
"364",1,18,"CE","Continuing Education","GR","Greenville (Laxgalts'ap)","2014-2015","2013-2014","Greenville"
"365",1,17,"WELDUP","Welding Upgrade","PR","Prince Rupert","2014-2015","2013-2014","Prince Rupert"
"366",1,17,"ACWELDF","ACEIT Welder Foundation","PR","Prince Rupert","2014-2015","2013-2014","Prince Rupert"
"367",1,18,"CE","Continuing Education","KL","Kaay Llnagaay","2014-2015","2013-2014","Port Clements"
"368",1,18,"ACAUTOF","Auto Service Technician Foundation","TE","Terrace","2014-2015","2013-2014","Telkwa"
"369",1,16,"CE","Continuing Education","SM","Smithers","2014-2015","2013-2014",NA
"370",1,17,"CE","Continuing Education","SM","Smithers","2014-2015","2013-2014",NA
"371",1,16,"CE","Continuing Education","SM","Smithers","2014-2015","2013-2014","Smithers"
"372",1,16,"CE","Continuing Education","SM","Smithers","2014-2015","2013-2014","Smithers"
"373",1,16,"CE","Continuing Education","SM","Smithers","2014-2015","2013-2014",NA
"374",1,18,"HMF","Heavy Mechanical Foundation","TE","Terrace","2014-2015","2013-2014","Terrace"
"375",1,19,"ELTRF","Electrical Foundation","TE","Terrace","2014-2015","2013-2014","McBride"
"376",1,19,"CE","Continuing Education","TE","Terrace","2014-2015","2013-2014","Terrace"
"377",1,18,"CE","Continuing Education","SM","Smithers","2014-2015","2013-2014",NA
"378",1,17,"CE","Continuing Education","SM","Smithers","2014-2015","2013-2014","Smithers"
"379",1,16,"CE","Continuing Education","SM","Smithers","2014-2015","2013-2014","Smithers"
"380",1,16,"CE","Continuing Education","SM","Smithers","2014-2015","2013-2014","Smithers"
"381",1,18,"ELTRF","Electrical Foundation","TE","Terrace","2014-2015","2013-2014","Terrace"
"382",1,19,"ELTRF","Electrical Foundation","TE","Terrace","2014-2015","2013-2014","Terrace"
"383",1,18,"HMF","Heavy Mechanical Foundation","TE","Terrace","2014-2015","2013-2014","Terrace"
"384",1,19,"CCP","Career and College Prep","PR","Prince Rupert","2014-2015","2013-2014","Aldergrove"
"385",1,17,"CCP","Career and College Prep","PR","Prince Rupert","2014-2015","2013-2014","Prince Rupert"
"386",1,16,"CE","Continuing Education","SM","Smithers","2014-2015","2013-2014","Smithers"
"387",1,16,"CE","Continuing Education","SM","Smithers","2014-2015","2013-2014","Smithers"
"388",1,16,"CE","Continuing Education","SM","Smithers","2014-2015","2013-2014","Telkwa"
"389",1,17,"CE","Continuing Education","SM","Smithers","2014-2015","2013-2014","Smithers"
"390",1,16,"CE","Continuing Education","SM","Smithers","2014-2015","2013-2014","Smithers"
"391",1,16,"CE","Continuing Education","SM","Smithers","2014-2015","2013-2014","Moricetown"
"392",1,16,"CE","Continuing Education","SM","Smithers","2014-2015","2013-2014",NA
"393",1,16,"CE","Continuing Education","SM","Smithers","2014-2015","2013-2014",NA
"394",1,16,"ACCOOK1","ACE-IT Professional Cook 1","HO","Houston","2014-2015","2013-2014","Houston"
"395",1,18,"CCP","Career and College Prep","HO","Houston","2014-2015","2013-2014","Houston"
"396",1,16,"CE","Continuing Education","MA","Masset","2014-2015","2013-2014","Smithers"
"397",1,18,"CE","Continuing Education","SM","Smithers","2014-2015","2013-2014","New Hazelton"
"398",1,19,"ICT","Information and Communications Technology","HA","Hazelton","2014-2015","2013-2014","Terrace"
"399",1,19,"CE","Continuing Education","SM","Smithers","2014-2015","2013-2014","Smithers"
"400",1,17,"ACWELDF","ACEIT Welder Foundation","TE","Terrace","2014-2015","2013-2014","Terrace"
"401",1,16,"CE","Continuing Education","SM","Smithers","2014-2015","2013-2014","Smithers"
"402",1,17,"CE","Continuing Education","HA","Hazelton","2014-2015","2013-2014","Terrace"
"403",1,18,"CE","Continuing Education","GR","Greenville (Laxgalts'ap)","2014-2015","2013-2014","Greenville"
"404",1,17,"CE","Continuing Education","SM","Smithers","2014-2015","2013-2014","Telkwa"
"405",1,17,"CE","Continuing Education","SM","Smithers","2014-2015","2013-2014","Smithers"
"406",1,16,"CE","Continuing Education","SM","Smithers","2014-2015","2013-2014",NA
"407",1,16,"CE","Continuing Education","SM","Smithers","2014-2015","2013-2014","Smithers"
"408",1,16,"CE","Continuing Education","SM","Smithers","2014-2015","2013-2014","Smithers"
"409",1,16,"CE","Continuing Education","SM","Smithers","2014-2015","2013-2014","Smithers"
"410",1,18,"ACCOOK1","ACE-IT Professional Cook 1","TE","Terrace","2014-2015","2013-2014","Kitimat"
"411",1,18,"CE","Continuing Education","SM","Smithers","2014-2015","2013-2014","Telkwa"
"412",1,19,"CE","Continuing Education","KN","Kincolith (Gingolx)","2014-2015","2013-2014","Gingolx"
"413",1,18,"ACWELDF","ACEIT Welder Foundation","PR","Prince Rupert","2014-2015","2013-2014","Port Simpson"
"414",1,18,"CE","Continuing Education","KI","Kitimat","2014-2015","2013-2014","Kitimat"
"415",1,17,"ACWELDF","ACEIT Welder Foundation","TE","Terrace","2014-2015","2013-2014","Terrace"
"416",1,19,"CE","Continuing Education","GR","Greenville (Laxgalts'ap)","2014-2015","2013-2014","Greenville"
"417",1,18,"MILLF","Millwright Foundation","PR","Prince Rupert","2014-2015","2013-2014","Prince Rupert"
"418",1,19,"HEOF",NA,"HO","Houston","2014-2015","2013-2014","Houston"
"419",1,18,"WELDB","Welding B Module","TE","Terrace","2014-2015","2013-2014","Terrace"
"420",1,17,"ACWELDF","ACEIT Welder Foundation","TE","Terrace","2014-2015","2013-2014","Terrace"
"421",1,17,"ACWELDF","ACEIT Welder Foundation","TE","Terrace","2014-2015","2013-2014","Terrace"
"422",1,17,"ACWELDF","ACEIT Welder Foundation","TE","Terrace","2014-2015","2013-2014","Nanaimo"
"423",1,18,"CE","Continuing Education","TE","Terrace","2014-2015","2013-2014","Terrace"
"424",1,17,"CCP","Career and College Prep","HO","Houston","2014-2015","2013-2014","Houston"
"425",1,16,"CE","Continuing Education","SM","Smithers","2014-2015","2013-2014","Smithers"
"426",1,16,"CE","Continuing Education","SM","Smithers","2014-2015","2013-2014","Smithers"
"427",1,16,"CE","Continuing Education","SM","Smithers","2014-2015","2013-2014","Smithers"
"428",1,16,"CE","Continuing Education","KL","Kaay Llnagaay","2014-2015","2013-2014",NA
"429",1,17,"CE","Continuing Education","KL","Kaay Llnagaay","2014-2015","2013-2014",NA
"430",1,17,"CCP","Career and College Prep","HO","Houston","2014-2015","2013-2014","Houston"
"431",1,18,"ACWELDF","ACEIT Welder Foundation","PR","Prince Rupert","2014-2015","2013-2014","Port Edward"
"432",1,19,"CE","Continuing Education","KL","Kaay Llnagaay","2014-2015","2013-2014","Masset"
"433",1,19,"WELDA","Welding A Module","TE","Terrace","2014-2015","2013-2014","Terrace"
"434",1,19,"UC","University Credit Year 1","TE","Terrace","2014-2015","2013-2014","Terrace"
"435",1,19,"CCP","Career and College Prep","HO","Houston","2014-2015","2013-2014","Houston"
"436",1,18,"ELTRF","Electrical Foundation","PR","Prince Rupert","2014-2015","2013-2014","Prince Rupert"
"437",1,18,"CCP","Career and College Prep","PR","Prince Rupert","2014-2015","2013-2014","Prince Rupert"
"438",1,18,"ELTRF","Electrical Foundation","PR","Prince Rupert","2014-2015","2013-2014","Prince Rupert"
"439",1,18,"CCP","Career and College Prep","PR","Prince Rupert","2014-2015","2013-2014","Prince Rupert"
"440",1,17,"CE","Continuing Education","SM","Smithers","2014-2015","2013-2014","New Hazelton"
"441",1,17,"CE","Continuing Education",NA,"New Aiyansh (Gitlakdamix)","2014-2015","2013-2014","New Aiyansh"
"442",1,17,"CE","Continuing Education","SM","Smithers","2014-2015","2013-2014","Smithers"
"443",1,17,"CE","Continuing Education","SM","Smithers","2014-2015","2013-2014","Smithers"
"444",1,17,"CE","Continuing Education","SM","Smithers","2014-2015","2013-2014","Smithers"
"445",1,17,"CE","Continuing Education","SM","Smithers","2014-2015","2013-2014","Smithers"
"446",1,17,"CE","Continuing Education","SM","Smithers","2014-2015","2013-2014","Smithers"
"447",1,19,"CE","Continuing Education","HO","Houston","2014-2015","2013-2014","Houston"
"448",1,16,"CE","Continuing Education","HA","Hazelton","2014-2015","2013-2014","New Hazelton"
"449",1,17,"CE","Continuing Education","HA","Hazelton","2014-2015","2013-2014","New Hazelton"
"450",1,16,"CE","Continuing Education","HA","Hazelton","2014-2015","2013-2014","Hazelton"
"451",1,19,"CCP","Career and College Prep","TE","Terrace","2014-2015","2013-2014","Terrace"
"452",1,17,"CCP","Career and College Prep","SM","Smithers","2014-2015","2013-2014","Smithers"
"453",1,17,"CE","Continuing Education","SM","Smithers","2014-2015","2013-2014","Smithers"
"454",1,17,"CE","Continuing Education","SM","Smithers","2014-2015","2013-2014","Telkwa"
"455",1,18,"ELTRF","Electrical Foundation","PR","Prince Rupert","2014-2015","2013-2014","Prince Rupert"
"456",1,18,"CCP","Career and College Prep","HO","Houston","2014-2015","2013-2014","Houston"
"457",1,18,"CCP","Career and College Prep","HO","Houston","2014-2015","2013-2014","Houston"
"458",1,18,"CCP","Career and College Prep","PR","Prince Rupert","2014-2015","2013-2014","Prince Rupert"
"459",1,19,"ICT","Information and Communications Technology","HA","Hazelton","2014-2015","2013-2014","Prince Rupert"
"460",1,18,"CE","Continuing Education","HA","Hazelton","2014-2015","2013-2014","Hazelton"
"461",1,17,"CE","Continuing Education","SM","Smithers","2014-2015","2013-2014","Smithers"
"462",1,17,"CE","Continuing Education","SM","Smithers","2014-2015","2013-2014","Houston"
"463",1,19,"CE","Continuing Education","HA","Hazelton","2014-2015","2013-2014","Hazelton"
"464",1,19,"CCP","Career and College Prep","SM","Smithers","2014-2015","2013-2014","Smithers"
"465",1,17,"CE","Continuing Education","SM","Smithers","2014-2015","2013-2014","Houston"
"466",1,19,"ELTRAPP2","Electrical Apprentice - Level 2","TE","Terrace","2014-2015","2013-2014","Campbell River"
"467",1,17,"ACELTRF","ACE-IT Electrical Foundation","TE","Terrace","2014-2015","2013-2014","Terrace"
"468",1,17,"CE","Continuing Education",NA,"New Aiyansh (Gitlakdamix)","2014-2015","2013-2014","Kinkolith"
"469",1,17,"CE","Continuing Education",NA,"New Aiyansh (Gitlakdamix)","2014-2015","2013-2014","New Aiyansh"
"470",1,17,"CE","Continuing Education","SM","Smithers","2014-2015","2013-2014","Houston"
"471",1,17,"CE","Continuing Education",NA,"New Aiyansh (Gitlakdamix)","2014-2015","2013-2014","New Aiyansh"
"472",1,18,"CE","Continuing Education",NA,"New Aiyansh (Gitlakdamix)","2014-2015","2013-2014","Terrace"
"473",1,18,"CE","Continuing Education",NA,"New Aiyansh (Gitlakdamix)","2014-2015","2013-2014","Kincolith"
"474",1,18,"CE","Continuing Education",NA,"New Aiyansh (Gitlakdamix)","2014-2015","2013-2014","Kincolith"
"475",1,18,"CARPAPP2","Carpentry Apprentice - Level 2","TE","Terrace","2014-2015","2013-2014","Terrace"
"476",1,17,"ACELTRF","ACE-IT Electrical Foundation","TE","Terrace","2014-2015","2013-2014","Terrace"
"477",1,17,"ACELTRF","ACE-IT Electrical Foundation","TE","Terrace","2014-2015","2013-2014","Terrace"
"478",1,17,"ACELTRF","ACE-IT Electrical Foundation","TE","Terrace","2014-2015","2013-2014","Terrace"
"479",1,17,"ACELTRF","ACE-IT Electrical Foundation","TE","Terrace","2014-2015","2013-2014","Terrace"
"480",1,19,"ELTRAPP2","Electrical Apprentice - Level 2","TE","Terrace","2014-2015","2013-2014","Telkwa"
"481",1,17,"CE","Continuing Education","SM","Smithers","2014-2015","2013-2014","Smithers"
"482",1,17,"CCP","Career and College Prep","SM","Smithers","2014-2015","2013-2014","Smithers"
"483",1,18,"CE","Continuing Education","SM","Smithers","2014-2015","2013-2014","Smithers"
"484",1,19,"CE","Continuing Education","SM","Smithers","2014-2015","2013-2014","Smithers"
"485",1,18,"CE","Continuing Education","TE","Terrace","2014-2015","2013-2014","Kitwanga"
"486",1,18,"CE","Continuing Education","PR","Prince Rupert","2014-2015","2013-2014","Prince Rupert"
"487",1,17,"ACMILLF","ACE-IT Millwright Foundation","PR","Prince Rupert","2014-2015","2013-2014","Prince Rupert"
"488",1,18,"CCP","Career and College Prep","PR","Prince Rupert","2014-2015","2013-2014","Prince Rupert"
"489",1,19,"CCP","Career and College Prep","HO","Houston","2014-2015","2013-2014","Smithers"
"490",1,19,"CARPF","Carpenter Foundation","TE","Terrace","2014-2015","2013-2014","Prince Rupert"
"491",1,16,"CE","Continuing Education","TE","Terrace","2014-2015","2013-2014","Terrace"
"492",1,16,"CE","Continuing Education","TE","Terrace","2014-2015","2013-2014","Terrace"
"493",1,16,"CE","Continuing Education",NA,"New Aiyansh (Gitlakdamix)","2014-2015","2013-2014","Laxgalts'ap"
"494",1,17,"CE","Continuing Education",NA,"New Aiyansh (Gitlakdamix)","2014-2015","2013-2014","Aiyansh"
"495",1,18,"ELTRF","Electrical Foundation","HO","Houston","2014-2015","2013-2014","Smithers"
"496",1,18,"CE","Continuing Education","HA","Hazelton","2014-2015","2013-2014","S Hazelton"
"497",1,18,"UC","University Credit Year 1","TE","Terrace","2014-2015","2013-2014","Terrace"
"498",1,19,"HCAS","Health Care Assistant","TE","Terrace","2014-2015","2013-2014","Terrace"
"499",1,18,"HCAS","Health Care Assistant","TE","Terrace","2014-2015","2013-2014","Terrace"
"500",1,19,"CCP","Career and College Prep","HA","Hazelton","2014-2015","2013-2014","S Hazelton"
"501",1,17,"CE","Continuing Education","SM","Smithers","2014-2015","2013-2014","Smithers"
"502",1,17,"CE","Continuing Education","SM","Smithers","2014-2015","2013-2014","Smithers"
"503",1,17,"CE","Continuing Education","SM","Smithers","2014-2015","2013-2014","Smithers"
"504",1,17,"CE","Continuing Education","SM","Smithers","2014-2015","2013-2014","Smithers"
"505",1,17,"CE","Continuing Education","SM","Smithers","2014-2015","2013-2014","Smithers"
"506",1,17,"CE","Continuing Education","SM","Smithers","2014-2015","2013-2014","Telkwa"
"507",1,17,"CE","Continuing Education",NA,"New Aiyansh (Gitlakdamix)","2014-2015","2013-2014","Terrace"
"508",1,17,"CE","Continuing Education","SM","Smithers","2014-2015","2013-2014","Telkwa"
"509",1,17,"CE","Continuing Education","SM","Smithers","2014-2015","2013-2014","Smithers"
"510",1,19,"CCP","Career and College Prep","PR","Prince Rupert","2014-2015","2013-2014","Prince Rupert"
"511",1,18,"CE","Continuing Education",NA,"New Aiyansh (Gitlakdamix)","2014-2015","2013-2014","New Aiyansh"
"512",1,16,"CE","Continuing Education",NA,"New Aiyansh (Gitlakdamix)","2014-2015","2013-2014","Kinkolith"
"513",1,18,"CE","Continuing Education","TE","Terrace","2014-2015","2013-2014","Smithers"
"514",1,19,"ELTRF","Electrical Foundation","TE","Terrace","2014-2015","2013-2014","Kitimat"
"515",1,18,"UC","University Credit Year 1","SM","Smithers","2014-2015","2013-2014","Smithers"
"516",1,17,"UC","University Credit Year 1","HO","Houston","2014-2015","2013-2014","Houston"
"517",1,16,"CE","Continuing Education",NA,"New Aiyansh (Gitlakdamix)","2014-2015","2013-2014","Terrace"
"518",1,16,"CE","Continuing Education",NA,"New Aiyansh (Gitlakdamix)","2014-2015","2013-2014","New Aiyansh"
"519",1,17,"CE","Continuing Education",NA,"New Aiyansh (Gitlakdamix)","2014-2015","2013-2014","Terrace"
"520",1,16,"CE","Continuing Education",NA,"New Aiyansh (Gitlakdamix)","2014-2015","2013-2014","New Aiyansh"
"521",1,18,"UC","University Credit Year 1","PR","Prince Rupert","2014-2015","2013-2014","Prince Rupert"
"522",1,18,"CE","Continuing Education","TE","Terrace","2014-2015","2013-2014","Terrace"
"523",1,18,"CE","Continuing Education","SM","Smithers","2014-2015","2013-2014","Smithers"
"524",1,17,"CE","Continuing Education","SM","Smithers","2014-2015","2013-2014","Smithers"
"525",1,17,"CE","Continuing Education",NA,"New Aiyansh (Gitlakdamix)","2014-2015","2013-2014","Kincolith"
"526",1,19,"ACELTRF","ACE-IT Electrical Foundation","TE","Terrace","2014-2015","2013-2014","Terrace"
"527",1,18,"CE","Continuing Education","TE","Terrace","2014-2015","2013-2014","Terrace"
"528",1,19,"FNFA","First Nations Fine Arts Year 1","TE","Terrace","2014-2015","2013-2014","Terrace"
"529",1,19,"ELTRAPP2","Electrical Apprentice - Level 2","TE","Terrace","2014-2015","2013-2014","Prince Rupert"
"530",1,18,"CE","Continuing Education","TE","Terrace","2014-2015","2013-2014","Terrace"
"531",1,19,"CE","Continuing Education","PS","Port Simpson (Lax Kw'alaams)","2014-2015","2013-2014","Port Simpson"
"532",1,18,"UC","University Credit Year 1","SM","Smithers","2014-2015","2013-2014","Smithers"
"533",1,19,"HCAS","Health Care Assistant","TE","Terrace","2014-2015","2013-2014","Terrace"
"534",1,18,"ACELTRF","ACE-IT Electrical Foundation","PR","Prince Rupert","2014-2015","2013-2014","Prince Rupert"
"535",1,18,"ELTRAPP2","Electrical Apprentice - Level 2","TE","Terrace","2014-2015","2013-2014","Creston"
"536",1,19,"UC","University Credit Year 1","TE","Terrace","2014-2015","2013-2014","Terrace"
"537",1,19,"CE","Continuing Education","SM","Smithers","2014-2015","2013-2014","Smithers"
"538",1,18,"CCP","Career and College Prep","SM","Smithers","2014-2015","2013-2014","Telkwa"
"539",1,19,"CE","Continuing Education","TE","Terrace","2014-2015","2013-2014","Terrace"
"540",1,18,"CARPAPP1","Carpentry Apprentice - Level 1","TE","Terrace","2014-2015","2013-2014","Queen Charlotte"
"541",1,19,"CARPAPP1","Carpentry Apprentice - Level 1","TE","Terrace","2014-2015","2013-2014","Terrace"
"542",1,18,"UC","University Credit Year 1","TE","Terrace","2014-2015","2013-2014","Terrace"
"543",1,19,"ELTRAPP2","Electrical Apprentice - Level 2","TE","Terrace","2014-2015","2013-2014","Terrace"
"544",1,19,"ELTRAPP2","Electrical Apprentice - Level 2","TE","Terrace","2014-2015","2013-2014","Hazelton"
"545",1,19,"ICT2","Information and Communications Technology","HA","Hazelton","2014-2015","2013-2014","Prince Rupert"
"546",1,18,"ELTRAPP2","Electrical Apprentice - Level 2","TE","Terrace","2014-2015","2013-2014","Terrace"
"547",1,17,"CE","Continuing Education","SM","Smithers","2014-2015","2013-2014","Smithers"
"548",1,16,"ACELTRF","ACE-IT Electrical Foundation","HO","Houston","2014-2015","2013-2014","Smithers"
"549",1,16,"ACELTRF","ACE-IT Electrical Foundation","HO","Houston","2014-2015","2013-2014","Smithers"
"550",1,17,"CE","Continuing Education","TE","Terrace","2014-2015","2013-2014","Terrace"
"551",1,18,"CE","Continuing Education","TE","Terrace","2014-2015","2013-2014","Terrace"
"552",1,18,"ELTRF","Electrical Foundation","TE","Terrace","2014-2015","2013-2014","Terrace"
"553",1,19,"CE","Continuing Education","TE","Terrace","2014-2015","2013-2014","Terrace"
"554",1,17,"CE","Continuing Education","TE","Terrace","2014-2015","2013-2014","Terrace"
"555",1,17,"ACELTRF","ACE-IT Electrical Foundation","HO","Houston","2014-2015","2013-2014","Smithers"
"556",1,18,"ACELTRF","ACE-IT Electrical Foundation","HO","Houston","2014-2015","2013-2014","Telkwa"
"557",1,18,"CE","Continuing Education","HO","Houston","2014-2015","2013-2014","Smithers"
"558",1,19,"CE","Continuing Education","SM","Smithers","2014-2015","2013-2014","Smithers"
"559",1,17,"FNFA","First Nations Fine Arts Year 1","TE","Terrace","2014-2015","2013-2014","Terrace"
"560",1,18,"FNFA","First Nations Fine Arts Year 1","TE","Terrace","2014-2015","2013-2014","Prince Rupert"
"561",1,17,"CCP","Career and College Prep","SM","Smithers","2014-2015","2013-2014","Smithers"
"562",1,17,"CCP","Career and College Prep","SM","Smithers","2014-2015","2013-2014","Houston"
"563",1,19,"CE","Continuing Education","SM","Smithers","2014-2015","2013-2014","Smithers"
"564",1,17,"ACELTRF","ACE-IT Electrical Foundation","HO","Houston","2014-2015","2013-2014","Telkwa"
"565",1,17,"CCP","Career and College Prep","SM","Smithers","2014-2015","2013-2014","Houston"
"566",1,18,"CE","Continuing Education","TE","Terrace","2014-2015","2013-2014","Kitwanga"
"567",1,16,"ACCOOK1","ACE-IT Professional Cook 1","HO","Houston","2014-2015","2013-2014","Houston"
"568",1,18,"CE","Continuing Education","TE","Terrace","2014-2015","2013-2014","Houston"
"569",1,17,"ACCOOK1","ACE-IT Professional Cook 1","HO","Houston","2014-2015","2013-2014","Smithers"
"570",1,17,"ACCOOK1","ACE-IT Professional Cook 1","HO","Houston","2014-2015","2013-2014","Houston"
"571",1,19,"UC","University Credit Year 1","TE","Terrace","2014-2015","2013-2014","Terrace"
"572",1,19,"CE","Continuing Education","TE","Terrace","2014-2015","2013-2014","Telkwa"
"573",1,17,"CCP","Career and College Prep","SM","Smithers","2014-2015","2013-2014","Smithers"
"574",1,17,"CCP","Career and College Prep","SM","Smithers","2014-2015","2013-2014","Smithers"
"575",1,17,"CCP","Career and College Prep","SM","Smithers","2014-2015","2013-2014","Telkwa"
"576",1,17,"CCP","Career and College Prep","SM","Smithers","2014-2015","2013-2014","Telkwa"
"577",1,17,"CCP","Career and College Prep","SM","Smithers","2014-2015","2013-2014","Smithers"
"578",1,18,"PCOOKAP2","Professional Cook Apprentice - Level 2","TE","Terrace","2014-2015","2013-2014","Terrace"
"579",1,19,"UC","University Credit Year 1","TE","Terrace","2014-2015","2013-2014","Terrace"
"580",1,18,"CE","Continuing Education","TE","Terrace","2014-2015","2013-2014","Terrace"
"581",1,18,"UC","University Credit Year 1","TE","Terrace","2014-2015","2013-2014","Terrace"
"582",1,17,"CE","Continuing Education","TE","Terrace","2014-2015","2013-2014","Terrace"
"583",1,18,"CE","Continuing Education","TE","Terrace","2014-2015","2013-2014","Terrace"
"584",1,16,"CE","Continuing Education","TE","Terrace","2014-2015","2013-2014","Terrace"
"585",1,17,"CE","Continuing Education","TE","Terrace","2014-2015","2013-2014","Terrace"
"586",1,17,"CE","Continuing Education","TE","Terrace","2014-2015","2013-2014","Terrace"
"587",1,18,"CE","Continuing Education","TE","Terrace","2014-2015","2013-2014","Terrace"
"588",1,17,"CE","Continuing Education","TE","Terrace","2014-2015","2013-2014","Terrace"
"589",1,16,"CE","Continuing Education","TE","Terrace","2014-2015","2013-2014","Terrace"
"590",1,16,"CE","Continuing Education","TE","Terrace","2014-2015","2013-2014","Terrace"
"591",1,16,"CE","Continuing Education","TE","Terrace","2014-2015","2013-2014","Terrace"
"592",1,17,"CE","Continuing Education","TE","Terrace","2014-2015","2013-2014","Terrace"
"593",1,17,"CE","Continuing Education","TE","Terrace","2014-2015","2013-2014","Terrace"
"594",1,18,"UC","University Credit Year 1","TE","Terrace","2014-2015","2013-2014","Terrace"
"595",1,19,"PCOOKAP2","Professional Cook Apprentice - Level 2","TE","Terrace","2014-2015","2013-2014","Terrace"
"596",1,19,"PCOOKAP2","Professional Cook Apprentice - Level 2","TE","Terrace","2014-2015","2013-2014","Gitsequkla"
"597",1,19,"BADM2","Business Administration Year 2<fd>","TE","Terrace","2014-2015","2013-2014","Terrace"
"598",1,19,"BADM2","Business Administration Year 2<fd>","TE","Terrace","2014-2015","2013-2014","Prince George"
"599",1,19,"CCP","Career and College Prep","TE","Terrace","2014-2015","2013-2014","Terrace"
"600",1,17,"CCP","Career and College Prep","SM","Smithers","2014-2015","2013-2014","Smithers"
"601",1,17,"ACELTRF","ACE-IT Electrical Foundation","HO","Houston","2014-2015","2013-2014","Smithers"
"602",1,18,"CCP","Career and College Prep","SM","Smithers","2014-2015","2013-2014","Smithers"
"603",1,17,"CE","Continuing Education","PR","Prince Rupert","2014-2015","2013-2014","Prince Rupert"
"604",1,17,"CCP","Career and College Prep","SM","Smithers","2014-2015","2013-2014","Houston"
"605",1,19,"UC","University Credit Year 1","TE","Terrace","2014-2015","2013-2014","Terrace"
"606",1,19,"FNFA","First Nations Fine Arts Year 1","TE","Terrace","2014-2015","2013-2014","Terrace"
"607",1,19,"CARPAPP1","Carpentry Apprentice - Level 1","TE","Terrace","2014-2015","2013-2014","Kitimat"
"608",1,19,"CCP","Career and College Prep","PR","Prince Rupert","2014-2015","2013-2014","Prince Rupert"
"609",1,19,"CCP","Career and College Prep","PR","Prince Rupert","2014-2015","2013-2014","Prince Rupert"
"610",1,17,"ACELTRF","ACE-IT Electrical Foundation","PR","Prince Rupert","2014-2015","2013-2014","Prince Rupert"
"611",1,17,"CCP","Career and College Prep","SM","Smithers","2014-2015","2013-2014","Smithers"
"612",1,19,"CCP","Career and College Prep","PR","Prince Rupert","2014-2015","2013-2014","Prince Rupert"
"613",1,18,"CCP","Career and College Prep","PR","Prince Rupert","2014-2015","2013-2014","Prince Rupert"
"614",1,18,"UC","University Credit Year 1","TE","Terrace","2014-2015","2013-2014","Terrace"
"615",1,18,"UC","University Credit Year 1","TE","Terrace","2014-2015","2013-2014","Terrace"
"616",1,19,"BADM","Business Administration Year 1","PR","Prince Rupert","2014-2015","2013-2014","Port Edward"
"617",1,18,"ACHMF","ACEIT Heavy Mechanical Foundation","TE","Terrace","2014-2015","2013-2014","Terrace"
"618",1,19,"CCP","Career and College Prep","TE","Terrace","2014-2015","2013-2014","Terrace"
"619",1,17,"CE","Continuing Education","SM","Smithers","2014-2015","2013-2014","Telkwa"
"620",1,16,"CE","Continuing Education","SM","Smithers","2014-2015","2013-2014","Smithers"
"621",1,17,"CE","Continuing Education","SM","Smithers","2014-2015","2013-2014",NA
"622",1,17,"CE","Continuing Education","SM","Smithers","2014-2015","2013-2014",NA
"623",1,17,"CE","Continuing Education","SM","Smithers","2014-2015","2013-2014",NA
"624",1,16,"CE","Continuing Education","SM","Smithers","2014-2015","2013-2014",NA
"625",1,16,"CE","Continuing Education","SM","Smithers","2014-2015","2013-2014",NA
"626",1,16,"CE","Continuing Education","SM","Smithers","2014-2015","2013-2014","Smithers"
"627",1,16,"CE","Continuing Education","SM","Smithers","2014-2015","2013-2014",NA
"628",1,17,"CE","Continuing Education","SM","Smithers","2014-2015","2013-2014","Telkwa"
"629",1,17,"CE","Continuing Education","SM","Smithers","2014-2015","2013-2014",NA
"630",1,16,"CE","Continuing Education","SM","Smithers","2014-2015","2013-2014","Smithers"
"631",1,16,"CE","Continuing Education","SM","Smithers","2014-2015","2013-2014",NA
"632",1,16,"CE","Continuing Education","SM","Smithers","2014-2015","2013-2014",NA
"633",1,18,"CE","Continuing Education","SM","Smithers","2014-2015","2013-2014","Smithers"
"634",1,16,"CE","Continuing Education","SM","Smithers","2014-2015","2013-2014",NA
"635",1,19,"SSW","Social Service Worker","TE","Terrace","2014-2015","2013-2014","Kitimat"
"636",1,17,"ACHMF","ACEIT Heavy Mechanical Foundation","SM","Smithers","2014-2015","2013-2014","New Hazelton"
"637",1,17,"ACHMF","ACEIT Heavy Mechanical Foundation","TE","Terrace","2014-2015","2013-2014","Smithers"
"638",1,18,"ACHMF","ACEIT Heavy Mechanical Foundation","TE","Terrace","2014-2015","2013-2014","Terrace"
"639",1,17,"ACHMF","ACEIT Heavy Mechanical Foundation","TE","Terrace","2014-2015","2013-2014","Terrace"
"640",1,17,"UC","University Credit Year 1","TE","Terrace","2014-2015","2013-2014","Terrace"
"641",1,17,"UC","University Credit Year 1","TE","Terrace","2014-2015","2013-2014","Terrace"
"642",1,17,"UC","University Credit Year 1","TE","Terrace","2014-2015","2013-2014","Kitimat"
"643",1,18,"NURS","Nursing","TE","Terrace","2014-2015","2013-2014","Terrace"
"644",1,18,"NURS","Nursing","TE","Terrace","2014-2015","2013-2014","Terrace"
"645",1,19,"NURS","Nursing","TE","Terrace","2014-2015","2013-2014","Terrace"
"646",1,19,"ICT","Information and Communications Technology","HA","Hazelton","2014-2015","2013-2014","Terrace"
"647",1,17,"CE","Continuing Education","TE","Terrace","2014-2015","2013-2014","Terrrace"
"648",1,16,"CE","Continuing Education","TE","Terrace","2014-2015","2013-2014","Terrace"
"649",1,17,"CCP","Career and College Prep","HO","Houston","2014-2015","2013-2014","Houston"
"650",1,17,"CCP","Career and College Prep","HO","Houston","2014-2015","2013-2014","Houston"
"651",1,19,"CCP","Career and College Prep","SM","Smithers","2014-2015","2013-2014","Smithers"
"652",1,18,"CCP","Career and College Prep","PR","Prince Rupert","2014-2015","2013-2014","Prince Rupert"
"653",1,17,"CCP","Career and College Prep","HO","Houston","2014-2015","2013-2014","Houston"
"654",1,17,"CE","Continuing Education","TE","Terrace","2014-2015","2013-2014","Terrace"
"655",1,18,"NURS","Nursing","TE","Terrace","2014-2015","2013-2014","Terrace"
"656",1,19,"CE","Continuing Education","KA","Kitselas","2014-2015","2013-2014","Terrace"
"657",1,17,"CE","Continuing Education","HA","Hazelton","2014-2015","2013-2014","New Hazelton"
"658",1,16,"CE","Continuing Education","SM","Smithers","2014-2015","2013-2014",NA
"659",1,17,"CE","Continuing Education","SM","Smithers","2014-2015","2013-2014","Smithers"
"660",1,17,"CE","Continuing Education","SM","Smithers","2014-2015","2013-2014",NA
"661",1,16,"CE","Continuing Education","SM","Smithers","2014-2015","2013-2014","Smithers"
"662",1,17,"CE","Continuing Education","SM","Smithers","2014-2015","2013-2014",NA
"663",1,16,"CE","Continuing Education","SM","Smithers","2014-2015","2013-2014",NA
"664",1,19,"CE","Continuing Education","KI","Kitimat","2014-2015","2013-2014","Comox"
"665",1,16,"CE","Continuing Education","SM","Smithers","2014-2015","2013-2014",NA
"666",1,17,"CE","Continuing Education","SM","Smithers","2014-2015","2013-2014","Smithers"
"667",1,16,"CE","Continuing Education","HA","Hazelton","2014-2015","2013-2014","New Hazelton"
"668",1,18,"CE","Continuing Education","TE","Terrace","2014-2015","2013-2014","Terrace"
"669",1,16,"CE","Continuing Education","TE","Terrace","2014-2015","2013-2014","Terrace"
"670",1,16,"CE","Continuing Education","TE","Terrace","2014-2015","2013-2014","Kitimat"
"671",1,18,"CCP","Career and College Prep","HA","Hazelton","2014-2015","2013-2014","Hazelton"
"672",1,19,"CCP","Career and College Prep","HO","Houston","2014-2015","2013-2014","Houston"
"673",1,17,"CE","Continuing Education","TE","Terrace","2014-2015","2013-2014","Gitsegukla"
"674",1,16,"CE","Continuing Education","TE","Terrace","2014-2015","2013-2014","Terrace"
"675",1,18,"CE","Continuing Education","TE","Terrace","2014-2015","2013-2014","Terrace"
"676",1,17,"CE","Continuing Education","TE","Terrace","2014-2015","2013-2014","Terrace"
"677",1,17,"CE","Continuing Education","TE","Terrace","2014-2015","2013-2014","Terrace"
"678",1,16,"CE","Continuing Education","TE","Terrace","2014-2015","2013-2014","Terrace"
"679",1,16,"CE","Continuing Education","TE","Terrace","2014-2015","2013-2014","Kitwanga"
"680",1,16,"CE","Continuing Education","TE","Terrace","2014-2015","2013-2014","Terrace"
"681",1,17,"CE","Continuing Education","TE","Terrace","2014-2015","2013-2014","Kitwanga"
"682",1,17,"CE","Continuing Education","TE","Terrace","2014-2015","2013-2014","Gitsegukla"
"683",1,16,"CE","Continuing Education","TE","Terrace","2014-2015","2013-2014","Terrace"
"684",1,16,"CE","Continuing Education","TE","Terrace","2014-2015","2013-2014","Hazelton"
"685",1,19,"CE","Continuing Education","TE","Terrace","2014-2015","2013-2014","Terrace"
"686",1,18,"CE","Continuing Education","TE","Terrace","2014-2015","2013-2014","Kincolith"
"687",1,16,"CE","Continuing Education","HO","Houston","2014-2015","2013-2014","Houston"
"688",1,18,"CE","Continuing Education","HO","Houston","2014-2015","2013-2014","Burns Lake"
"689",1,18,"CCP","Career and College Prep","HO","Houston","2014-2015","2013-2014","Houston"
"690",1,17,"CE","Continuing Education","TE","Terrace","2014-2015","2013-2014","Smithers"
"691",1,17,"CE","Continuing Education","TE","Terrace","2014-2015","2013-2014","Kincolith"
"692",1,18,"CCP","Career and College Prep","SM","Smithers","2014-2015","2013-2014","Smithers"
"693",1,17,"CE","Continuing Education","TE","Terrace","2014-2015","2013-2014","Terrace"
"694",1,17,"CE","Continuing Education","TE","Terrace","2014-2015","2013-2014","Terrace"
"695",1,18,"NURS","Nursing","TE","Terrace","2014-2015","2013-2014","Kelowna"
"696",1,18,"CCP","Career and College Prep","PR","Prince Rupert","2014-2015","2013-2014","Prince Rupert"
"697",1,16,"CE","Continuing Education","TE","Terrace","2014-2015","2013-2014","Terrace"
"698",1,19,"BADM","Business Administration Year 1","TE","Terrace","2014-2015","2013-2014","Terrace"
"699",1,19,"CCP","Career and College Prep","HA","Hazelton","2014-2015","2013-2014","Kispiox"
"700",1,19,"CCP","Career and College Prep","HO","Houston","2014-2015","2013-2014",NA
"701",1,19,"CCP","Career and College Prep","PR","Prince Rupert","2014-2015","2013-2014","Prince Rupert"
"702",1,16,"CCP","Career and College Prep","HO","Houston","2014-2015","2013-2014","Houston"
"703",1,19,"CCP","Career and College Prep","HO","Houston","2014-2015","2013-2014","Houston"
"704",1,18,"CCP","Career and College Prep","HO","Houston","2014-2015","2013-2014","Houston"
"705",1,18,"CE","Continuing Education","HO","Houston","2014-2015","2013-2014","Houston"
"706",1,18,"CE","Continuing Education","SM","Smithers","2014-2015","2013-2014","Smithers"
"707",1,16,"CE","Continuing Education","SM","Smithers","2014-2015","2013-2014","Smithers"
"708",1,16,"CE","Continuing Education","SM","Smithers","2014-2015","2013-2014","Smithers"
"709",1,16,"CE","Continuing Education","SM","Smithers","2014-2015","2013-2014","Smithers"
"710",1,16,"CE","Continuing Education","SM","Smithers","2014-2015","2013-2014","Smithers"
"711",1,16,"CE","Continuing Education","SM","Smithers","2014-2015","2013-2014","Smithers"
"712",1,16,"CE","Continuing Education","SM","Smithers","2014-2015","2013-2014","Smithers"
"713",1,18,"CE","Continuing Education","SM","Smithers","2014-2015","2013-2014","Smithers"
"714",1,17,"ACHMF","ACEIT Heavy Mechanical Foundation","TE","Terrace","2014-2015","2013-2014","New Hazelton"
"715",1,17,"WELDUP","Welding Upgrade","TE","Terrace","2014-2015","2013-2014","Telkwa"
"716",1,18,"HEOF",NA,"TE","Terrace","2014-2015","2013-2014","Kitimat"
"717",1,18,"HEOF",NA,"TE","Terrace","2014-2015","2013-2014","Kitimat"
"718",1,17,"CE","Continuing Education","SM","Smithers","2014-2015","2013-2014","Smithers"
"719",1,16,"CE","Continuing Education","SM","Smithers","2014-2015","2013-2014","Smithers"
"720",1,19,"HEOF",NA,"TE","Terrace","2014-2015","2013-2014","Terrace"
"721",1,17,"CE","Continuing Education","SM","Smithers","2014-2015","2013-2014","Smithers"
"722",1,19,"HEOF",NA,"TE","Terrace","2014-2015","2013-2014","Terrace"
"723",1,19,"HEOF",NA,"TE","Terrace","2014-2015","2013-2014","Prince Rupert"
"724",1,19,"CE","Continuing Education","TE","Terrace","2014-2015","2013-2014","Kitimat"
"725",1,18,"CE","Continuing Education","HA","Hazelton","2014-2015","2013-2014","Hazelton"
"726",1,18,"CE","Continuing Education","KI","Kitimat","2014-2015","2013-2014","Kitimat"
"727",1,19,"CE","Continuing Education","KI","Kitimat","2014-2015","2013-2014","Kitimat"
"728",1,18,"CCP","Career and College Prep","PR","Prince Rupert","2014-2015","2013-2014","Prince Rupert"
"729",1,18,"CE","Continuing Education","SM","Smithers","2014-2015","2013-2014","Telkwa"
"730",1,18,"WELDF","Welder Foundation","CA","Canyon City (Gitwinksihkw)","2014-2015","2013-2014","Terrace"
"731",1,19,"CE","Continuing Education","TE","Terrace","2014-2015","2013-2014","Kitimat"
"732",1,16,"CE","Continuing Education","TE","Terrace","2014-2015","2013-2014","Smithers"
"733",1,18,"CE","Continuing Education","TE","Terrace","2014-2015","2013-2014","Terrace"
"734",1,19,"CE","Continuing Education","TE","Terrace","2014-2015","2013-2014","Terrace"
"735",1,19,"CE","Continuing Education","SM","Smithers","2014-2015","2013-2014","Smithers"
"736",1,16,"CE","Continuing Education","SM","Smithers","2014-2015","2013-2014","Smithers"
"737",1,18,"UC","University Credit Year 1","SM","Smithers","2014-2015","2013-2014","Smithers"
"738",1,17,"CE","Continuing Education","SM","Smithers","2014-2015","2013-2014","Smithers"
"739",1,18,"CE","Continuing Education","HA","Hazelton","2014-2015","2013-2014","Hazelton"
"740",1,18,"CE","Continuing Education","GR","Greenville (Laxgalts'ap)","2014-2015","2013-2014","Greenville"
"741",1,17,"ACWELDF","ACEIT Welder Foundation","PR","Prince Rupert","2014-2015","2013-2014","Prince Rupert"
"742",1,19,"CE","Continuing Education","TE","Terrace","2014-2015","2013-2014","Terrace"
"743",1,18,"CE","Continuing Education","TE","Terrace","2014-2015","2013-2014","Terrace"
"744",1,17,"ACWELDF","ACEIT Welder Foundation","PR","Prince Rupert","2014-2015","2013-2014","Prince Rupert"
"745",1,18,"CE","Continuing Education","HA","Hazelton","2014-2015","2013-2014","Terrace"
"746",1,18,"CE","Continuing Education","SM","Smithers","2014-2015","2013-2014","Smithers"
"747",1,18,"CE","Continuing Education","HO","Houston","2014-2015","2013-2014","Houston"
"748",1,17,"CE","Continuing Education","HO","Houston","2014-2015","2013-2014","Smithers"
"749",1,18,"CE","Continuing Education","SM","Smithers","2014-2015","2013-2014","Smithers"
"750",1,18,"CE","Continuing Education","SM","Smithers","2014-2015","2013-2014","Houston"
"751",1,16,"CE","Continuing Education","SM","Smithers","2014-2015","2013-2014","Smithers"
"752",1,17,"CE","Continuing Education","SM","Smithers","2014-2015","2013-2014","Sik-E-Dakh"
"753",1,18,"CE","Continuing Education","SM","Smithers","2014-2015","2013-2014","Telkwa"
"754",1,19,"CE","Continuing Education","HO","Houston","2014-2015","2013-2014","Houston"
"755",1,18,"CE","Continuing Education","SM","Smithers","2014-2015","2013-2014","Smithers"
"756",1,17,"BADM","Business Administration Year 1","TE","Terrace","2014-2015","2013-2014","Queen Chrltte"
"757",1,16,"CE","Continuing Education","MA","Masset","2014-2015","2013-2014","Masset"
"758",1,16,"CE","Continuing Education","MA","Masset","2014-2015","2013-2014","Masset"
"759",1,17,"CE","Continuing Education","SM","Smithers","2014-2015","2013-2014","Clinton"
"760",1,19,"CE","Continuing Education","SM","Smithers","2014-2015","2013-2014","Kamloops"
"761",1,17,"CE","Continuing Education","SM","Smithers","2014-2015","2013-2014","Clinton"
"762",1,17,"CE","Continuing Education","SM","Smithers","2014-2015","2013-2014","Clinton"
"763",1,17,"ACELTRF","ACE-IT Electrical Foundation","PR","Prince Rupert","2014-2015","2013-2014","Prince Rupert"
"764",1,17,"CE","Continuing Education","TE","Terrace","2014-2015","2013-2014","Smithers"
"765",1,18,"CE","Continuing Education","HA","Hazelton","2014-2015","2013-2014","S Hazelton"
"766",1,17,"CE","Continuing Education","MA","Masset","2014-2015","2013-2014","Masset"
"767",1,17,"CE","Continuing Education","MA","Masset","2014-2015","2013-2014","Masset"
"768",1,19,"CE","Continuing Education","TE","Terrace","2014-2015","2013-2014","Terrace"
"769",1,17,"UC","University Credit Year 1","HO","Houston","2014-2015","2013-2014","Houston"
"770",1,18,"CE","Continuing Education","TE","Terrace","2014-2015","2013-2014","Terrace"
"771",1,18,"CE","Continuing Education","TE","Terrace","2014-2015","2013-2014","Terrace"
"772",1,17,"CE","Continuing Education","SM","Smithers","2014-2015","2013-2014","Smithers"
"773",1,19,"CE","Continuing Education","TE","Terrace","2014-2015","2013-2014","Terrace"
"774",1,18,"CE","Continuing Education","TE","Terrace","2014-2015","2013-2014","Terrace"
"775",1,18,"CE","Continuing Education","TE","Terrace","2014-2015","2013-2014","Terrace"
"776",1,18,"CE","Continuing Education","SM","Smithers","2014-2015","2013-2014",NA
"777",1,18,"CE","Continuing Education","TE","Terrace","2014-2015","2013-2014","Terrace"
"778",1,19,"CE","Continuing Education","TE","Terrace","2014-2015","2013-2014","Terrace"
"779",1,19,"CE","Continuing Education","TE","Terrace","2014-2015","2013-2014","Terrace"
"780",1,17,"CE","Continuing Education","TE","Terrace","2014-2015","2013-2014","Terrace"
"781",1,19,"CE","Continuing Education","SM","Smithers","2014-2015","2013-2014","Topley"
"782",1,19,"CE","Continuing Education","TE","Terrace","2014-2015","2013-2014","Terrace"
"783",1,18,"CCP","Career and College Prep","SM","Smithers","2014-2015","2013-2014","Telkwa"
"784",1,18,"CE","Continuing Education","TE","Terrace","2014-2015","2013-2014","Terrace"
"785",1,18,"CE","Continuing Education","TE","Terrace","2014-2015","2013-2014","Kitimat"
"786",1,18,"CE","Continuing Education","HA","Hazelton","2014-2015","2013-2014","Houston"
"787",1,17,"UC","University Credit Year 1","SM","Smithers","2014-2015","2013-2014","Telkwa"
"788",1,18,"CE","Continuing Education","TE","Terrace","2014-2015","2013-2014","Terrace"
"789",1,18,"CE","Continuing Education","TE","Terrace","2014-2015","2013-2014","Terrace"
"790",1,18,"CE","Continuing Education","TE","Terrace","2014-2015","2013-2014","Terrace"
"791",1,17,"CE","Continuing Education","TE","Terrace","2014-2015","2013-2014","Terrace"
"792",1,16,"CE","Continuing Education","SM","Smithers","2014-2015","2013-2014","Smithers"
"793",1,18,"CE","Continuing Education","TE","Terrace","2014-2015","2013-2014","Terrace"
"794",1,19,"CE","Continuing Education","KL","Kaay Llnagaay","2014-2015","2013-2014","Skidegate"
"795",1,18,"CE","Continuing Education","SM","Smithers","2014-2015","2013-2014","Smithers"
"796",1,18,"CE","Continuing Education","SM","Smithers","2014-2015","2013-2014","Telkwa"
"797",1,19,"CE","Continuing Education","HO","Houston","2014-2015","2013-2014","Houston"
"798",1,19,"CE","Continuing Education","HO","Houston","2014-2015","2013-2014","Burns Lake"
"799",1,18,"CE","Continuing Education","TE","Terrace","2014-2015","2013-2014","Terrace"
"800",1,17,"CE","Continuing Education","SM","Smithers","2014-2015","2013-2014","Smithers"
"801",1,18,"CE","Continuing Education","TE","Terrace","2014-2015","2013-2014","Kitimat"
"802",1,19,"CE","Continuing Education","HO","Houston","2014-2015","2013-2014","Houston"
"803",1,19,"CE","Continuing Education","KI","Kitimat","2014-2015","2013-2014","Kitimat"
"804",1,18,"CE","Continuing Education","HO","Houston","2014-2015","2013-2014","Houston"
"805",1,19,"CE","Continuing Education","TE","Terrace","2014-2015","2013-2014","Prince Rupert"
"806",1,19,"CE","Continuing Education","KN","Kincolith (Gingolx)","2014-2015","2013-2014","Gingolx"
"807",1,19,"CE","Continuing Education","TE","Terrace","2014-2015","2013-2014","Terrace"
"808",1,16,"CE","Continuing Education","PR","Prince Rupert","2014-2015","2013-2014","Prince Rupert"
"809",1,19,"CE","Continuing Education","SM","Smithers","2014-2015","2013-2014","Smithers"
"810",1,18,"CE","Continuing Education","HA","Hazelton","2014-2015","2013-2014","Hazelton"
"811",1,19,"CE","Continuing Education","SM","Smithers","2014-2015","2013-2014","Smithers"
"812",1,17,"CE","Continuing Education","MO","Moricetown","2014-2015","2013-2014","Smithers"
"813",1,16,"CE","Continuing Education","MO","Moricetown","2014-2015","2013-2014","Moricetown"
"814",1,16,"CE","Continuing Education","GK","Gitwangak (Kitwanga)","2014-2015","2013-2014","Kitwanga"
"815",1,16,"CE","Continuing Education","MO","Moricetown","2014-2015","2013-2014","Smithers"
"816",1,18,"CE","Continuing Education","MO","Moricetown","2014-2015","2013-2014","Terrace"
"817",1,19,"CE","Continuing Education","MO","Moricetown","2014-2015","2013-2014","Morricetown"
"818",1,16,"CE","Continuing Education","MO","Moricetown","2014-2015","2013-2014","Smithers"
"819",1,19,"CE","Continuing Education","OFTE","Off-Campus Terrace","2014-2015","2013-2014","Fort St. James"
"820",1,19,"CE","Continuing Education","GK","Gitwangak (Kitwanga)","2014-2015","2013-2014","Kitwanga"
"821",1,18,"CE","Continuing Education","GK","Gitwangak (Kitwanga)","2014-2015","2013-2014","Terrace"
"822",1,18,"CE","Continuing Education","GK","Gitwangak (Kitwanga)","2014-2015","2013-2014","Kitwanga"
"823",1,18,"CE","Continuing Education","GK","Gitwangak (Kitwanga)","2014-2015","2013-2014","Kitwanga"
"824",1,19,"CE","Continuing Education","SM","Smithers","2014-2015","2013-2014","Smithers"
"825",1,19,"CE","Continuing Education","TE","Terrace","2014-2015","2013-2014","Terrace"
"826",1,17,"CE","Continuing Education","HA","Hazelton","2014-2015","2013-2014","New Hazelton"
"827",1,18,"WELDUP","Welding Upgrade","PR","Prince Rupert","2014-2015","2013-2014","Prince Rupert"
"828",1,18,"CE","Continuing Education","TE","Terrace","2014-2015","2013-2014","Terrace"
"829",1,16,"CE","Continuing Education","TE","Terrace","2014-2015","2013-2014","Terrace"
"830",1,17,"CE","Continuing Education","HA","Hazelton","2014-2015","2013-2014","New Hazelton"
"831",1,17,"CE","Continuing Education","HA","Hazelton","2014-2015","2013-2014","Kitwanga"
"832",1,16,"CE","Continuing Education","HA","Hazelton","2014-2015","2013-2014","Gitsegukla"
"833",1,16,"CE","Continuing Education","HA","Hazelton","2014-2015","2013-2014","Kispiox"
"834",1,16,"CE","Continuing Education","HA","Hazelton","2014-2015","2013-2014","New Hazelton"
"835",1,16,"CE","Continuing Education","HA","Hazelton","2014-2015","2013-2014","Hazelton"
"836",1,17,"CE","Continuing Education","HA","Hazelton","2014-2015","2013-2014","Gitsegukla"
"837",1,16,"CE","Continuing Education","HA","Hazelton","2014-2015","2013-2014","Kitwanga"
"838",1,16,"CE","Continuing Education","HA","Hazelton","2014-2015","2013-2014","Hazelton"
"839",1,17,"CE","Continuing Education","HA","Hazelton","2014-2015","2013-2014","Gitsegukla"
"840",1,16,"CE","Continuing Education","HA","Hazelton","2014-2015","2013-2014","New Hazelton"
"841",1,17,"CE","Continuing Education","HA","Hazelton","2014-2015","2013-2014","Smithers"
"842",1,18,"CE","Continuing Education","HA","Hazelton","2014-2015","2013-2014","Gitwangak"
"843",1,16,"CE","Continuing Education","HA","Hazelton","2014-2015","2013-2014","South Hazelton"
"844",1,16,"CE","Continuing Education","HA","Hazelton","2014-2015","2013-2014","Kitwanga"
"845",1,19,"CE","Continuing Education","HO","Houston","2014-2015","2013-2014","Houston"
"846",1,18,"CE","Continuing Education","SM","Smithers","2014-2015","2013-2014","Telkwa"
"847",1,18,"CE","Continuing Education","SM","Smithers","2014-2015","2013-2014","Smithers"
